artist,genre,year
(Never mind the) Stars,Pop,2011
21 Eyes of Ruby,Rock,2011
A Polaroid View,Pop,2011
Aïrto,Soul,2011
All Missing Pieces,Alternative,2011
Amarins & le gatte negre,Folk,2011
Anatopia,Electro,2011
Ape Not Mice,Pop,2011
Are You A Lion,Indie,2011
Audio Adam,Pop,2011
Baby Jade Brown,Soul,2011
Barbarella,Rock,2011
Bart van der Lee,Singer/songwriter,2011
BBThree,Soul,2011
Bebe Fang,Pop,2011
BlackboxRed,Alternative,2011
Burial Earth,Metal,2011
Burn the Iris,Metal,2011
Capeman,Alternative,2011
De Kraaien,Nederlandstalig,2011
DUF,Blues,2011
Evenwicht,Hip Hop,2011
F.O.O.B.,Funk,2011
Fabian,Singer/songwriter,2011
Far I,Hip Hop,2011
Fata 'el Moustache' Morgana,Alternative,2011
Finn Silver,Singer/songwriter,2011
Flowfabriek,Hip Hop,2011
Flux,Pop,2011
Fruit of the Original Sin,Alternative,2011
GardenFest,Indie,2011
Gavin Mee,Singer/songwriter,2011
Geazah,Dance,2011
Gerhardt,Pop,2011
Goodwin Sands,Indie,2011
Grimm Limbo,Electro,2011
Hansen Tomas,Pop,2011
Hunting The Robot,Indie,2011
I'm not mukowski,Singer/songwriter,2011
IamAisha,R&B,2011
Jelle Buma,Electronica,2011
June Noa,Soul,2011
Kati­a,Singer/songwriter,2011
Kill 'em Mister,Electro,2011
Kill Ferelli,Rock,2011
Let's Go Eskimo,Rock,2011
Logosamphia,Polka,2011
Los Jalapeños,Rock 'n Roll,2011
LUIK,Indie,2011
Maison du Malheur,Pop,2011
Make Up Your Mind,Ska,2011
Marijn,Folk,2011
Mensenkinderen,Indie,2011
Milkbar,Rock,2011
Misery Kids,Rock,2011
Monomania,Rock,2011
Montana,Indie,2011
Mozart Never Did This,Drum & Bass,2011
Mozes and the Firstborn,Garage,2011
My Corduroy Life,Indie,2011
New Pokerface,Punk,2011
No Ninja Am I,Singer/songwriter,2011
OIIO,Folk,2011
Passengers,Indie,2011
Port of Call,Singer/songwriter,2011
Qeaux Qeaux Joans,Singer/songwriter,2011
Rachel Louise,Singer/songwriter,2011
Rät N FrikK,Electronica,2011
Rats On Rafts,Alternative,2011
Riverdistrict,Indie,2011
Roy Santiago,Rock,2011
Rufus Kain,Nederlandstalig,2011
Sideditch,Rock,2011
Sir Yes Sir,Indie,2011
SKIP&DIE,Electronica,2011
Sonur Ber,Dance,2011
Soul Sister Dance Revolution,Alternative,2011
space siren,Alternative,2011
Sparrow Falls,Rock,2011
Spilt Milk,Singer/songwriter,2011
Staatseinde,Electro,2011
Stefany June,Pop,2011
TenTemPiés,Rock,2011
The Bunny Bonanzas,Surf,2011
The Casings,Rock,2011
The Cool Quest,Hip Hop,2011
The Dance,Pop,2011
The Dirty Denims,Hard rock,2011
The Fudge,Rock,2011
the galactic lo-fi orchestra,Pop,2011
The Surs,Alternative,2011
Tim Calis & Reinders,Nederlandstalig,2011
traumahelikopter,Garage,2011
Two Days Left,Metal,2011
Uinko Eerenstein,Pop,2011
We Are FM,Rock,2011
Wixley,Pop,2011
Wooden Saints,Pop,2011
Ze Mannschaft,Alternative,2011
3rd Floor Magic,Funk,2012
Aafke Romeijn,Singer/songwriter,2012
Angela Moyra,Singer/songwriter,2012
Apneu,Garage,2012
APRIL,Indie,2012
Atlantic Attraction,Indie,2012
Benjamin City,Soul,2012
Bernard Gepken,Singer/songwriter,2012
Bird on the Wire,Pop,2012
Birdt,Singer/songwriter,2012
Blind Parade,Pop,2012
Bodypolitics,Indie,2012
Breitner,Indie,2012
Captain Hook,Jazz,2012
Chris Kok and Civil Union,Alternative,2012
Cirque Valentin,Alternative,2012
Convoi Exceptional,Instrumentaal,2012
COPPERSKY,Rock,2012
Dakota,Alternative,2012
Daniel Versteegh,Singer/songwriter,2012
Dirty Bastards,Rock,2012
DizzowDynamiscH,Hip Hop,2012
Dotan,Singer/songwriter,2012
Double G & The Ouzo Family,Hip Hop,2012
Downbeat Maestros,Roots,2012
Duncan Idaho,Alternative,2012
dyzack,Folk,2012
Elise Dinfena,Soul,2012
Eva Auad,Pop,2012
Fellow,Electronica,2012
Fodiator,Pop,2012
Hamertje Tik,Electronica,2012
Indian Askin,Rock,2012
J.C. Thomaz and the Missing Slippers,Rock 'n Roll,2012
John Coffey,Rock,2012
Kaizoku,Electronica,2012
Kayser Karel,Stonerrock,2012
Kid Totem,Pop,2012
Kids With Guns,Indie,2012
Komatsu,Stonerrock,2012
La Corneille,Indie,2012
Leeways,Reggae,2012
Lesoir,Rock,2012
Let's Go Eskimo,Punk,2012
Loud Squirt,Garage,2012
Lucas Hamming,Singer/songwriter,2012
MADI,Pop,2012
Major Tom,Alternative,2012
Makkie & KrankJoram,Hip Hop,2012
mezlev,Singer/songwriter,2012
Mineral Beings,Indie,2012
Mister and Mississippi,Alternative,2012
Moodswing,Rock,2012
Nadie Reyhani,Pop,2012
Nouveau Vélo,Indie,2012
NY Fan,Electro,2012
"Oh, Brave Wide Eyes",Folk,2012
OneManWolfPack,Electro,2012
Orlando,Pop,2012
Otis,Stonerrock,2012
Palio SuperSpeed Donkey,Rock,2012
PLeaSe!,Funk,2012
Purest of Pain,Metal,2012
Rebecca Sier,Singer/songwriter,2012
Richie dagger,Punk,2012
S As In Assassins,Indie,2012
Sam A La Bamalot,Electronica,2012
Sandy Dane,Pop,2012
Sanguita,Soul,2012
Screw Houston Start Screaming!,Punk,2012
Senor Sandor,Indie,2012
Sidewalk,Pop,2012
Sue the Night,Singer/songwriter,2012
Super909,Pop,2012
Supra Naturals,Rock,2012
Sur Nilsson,Indie,2012
The AppleJacks,Rock 'n Roll,2012
The Brave,Rock,2012
The Cool Quest,Hip Hop,2012
The Crowns,Rock,2012
The Happy Notes Society,Jazz,2012
The Jacks,Rock,2012
The Pignose Willy's,Rock 'n Roll,2012
THE RED17,Pop,2012
The Spinshots,Jazz,2012
The T.S. Eliot Appreciation Society,Folk,2012
The Vagary,Indie,2012
Those Foreign Kids,Indie,2012
Tuur Moens & Syndicate,Global Sounds,2012
Über-Ich,Alternative,2012
Vine-Yard,Rock,2012
Wannabeastar,Alternative,2012
We Sell Guns,Rock,2012
Willard Cody,Singer/songwriter,2012
WOLVON,Noise,2012
Wooden Constructions,Indie,2012
Yesterday's Men,Indie,2012
Zanillya,Hip Hop,2012
Adam & the Relevants,Indie,2013
Amber Arcades,Folk,2013
Amerildo de Krijger,Hip Hop,2013
Änimal,Electronica,2013
ANNY!,Pop,2013
Ashes of Many,Metal,2013
Audio Adam,Pop,2013
Avery Plains,Alternative,2013
Beat Tha Calaveras,Dance,2013
Bells of Youth,Indie,2013
Bombilate,Soul,2013
Casa de la Muerte,Rockabilly,2013
Channah,Pop,2013
CheapThrills,Rock 'n Roll,2013
CHEATERS,Electronica,2013
Christopher Green,Alternative,2013
CRAPPYDOG,Blues,2013
Dassuad,Singer/songwriter,2013
Daybroke,Rock,2013
de sp aties,Garage,2013
DÉMIRA,Singer/songwriter,2013
Draw the Parade,Pop,2013
DropmiX,Dubstep,2013
Dudettes,Rock,2013
Ed Struijlaart,Singer/songwriter,2013
Eisenhower,Rock,2013
Elle,Electro,2013
Elle Alpha,Pop,2013
Emil Landman,Singer/songwriter,2013
Fabiana Dammers,Singer/songwriter,2013
Fexet,Punk,2013
Fire Walk With Us,Postrock,2013
Flow&CO,Hip Hop,2013
Gharib,Global Sounds,2013
Girl Beard,Rock,2013
GOOD MEAT,Blues,2013
Herrek,Alternative,2013
Hömpfdingå,Electro,2013
Hyperactief,Hip Hop,2013
Inge van Calkar,Singer/songwriter,2013
Isabelle Amé,Folk,2013
Isophone,Indie,2013
J'lectroniq,Trip hop,2013
Joe Madman & The Sidewalkers,Rock 'n Roll,2013
John Henry & the Fellow Associates,Americana,2013
Join the Cavalry,Rock,2013
Jon Tarifa,Hip Hop,2013
Kaligoh,Metal,2013
Kalima,Electronica,2013
KinKobra,Rock,2013
Kleinindustrie,Alternative,2013
kodiaks,Alternative,2013
Landmark 105,Pop,2013
Lieve Bertha,Singer/songwriter,2013
Long Conversations,Indie,2013
Lookapony,Indie,2013
Low Tide Island,Pop,2013
MANNHEIM,Alternative,2013
Mark Lotterman,Americana,2013
Marty Graveyard & The Working Men,Pop,2013
Model Depose,Indie,2013
MUR DU SON,Dance,2013
MY BABY,Blues,2013
MY BLUE VAN,Blues,2013
Na'omi Pariama,Pop,2013
Nancy Brick,Singer/songwriter,2013
Neighbour Neighbour,Pop,2013
NeNe,R&B,2013
Noam Vazana,Singer/songwriter,2013
Orange Maplewood,Alternative,2013
ORGAANKLAP,Nederlandstalig,2013
our Minor fall,Folk,2013
Proper Outfit,Pop,2013
Puin + Hoop,Ambient,2013
Quramitry,Global Sounds,2013
RAAF,Shoegaze,2013
Rivers Area Juke Squad,Dance,2013
Roberto Tan,Hip Hop,2013
Rogier Pelgrim,Singer/songwriter,2013
ROLF de Band,Pop,2013
Salisbury,Alternative,2013
Scarlet,Rock,2013
Seven League Beats,Electronica,2013
SkunkFunk,Funk,2013
Snoeck,Indie,2013
Soskop,Hip Hop,2013
STATON,Indie,2013
Sugartoosh,Rock,2013
SUIT AND TIE JOHNS,Psychedelic,2013
Sunday Sun,Pop,2013
Texas Radio,Rock 'n Roll,2013
The Apologist,Rock,2013
the beachy head team,Indie,2013
The City Hollers,Rock 'n Roll,2013
The Elementary Penguins,Indie,2013
The Future's Dust,Indie,2013
The Gust,Rock,2013
The Heat,Rock,2013
The Information,Alternative,2013
The Jig,Funk,2013
The Maureens,Pop,2013
The Road Home,Rock,2013
The Subhuman,Indie,2013
The Tightropes,Blues,2013
Theo Sieben,Folk,2013
tim van doorn,Singer/songwriter,2013
Trip to Dover,Alternative,2013
Tududuh,Indie,2013
TWIN SHADES,Psychedelic,2013
Villeneuf,Pop,2013
VISITORS,Electronica,2013
When We Are Wild,Pop,2013
Who vs Who,Pop,2013
Whoobab Swing,Jazz,2013
Wolf In Loveland,Folk,2013
WONDER,Pop,2013
Woot,Alternative,2013
Yorick van Norden,Singer/songwriter,2013
A Million Squeeks Will Do You No Harm,Ambient,2014
Amariszi,Pop,2014
Ape Not Mice,Pop,2014
Apneu,Indie,2014
APRIL,pop/dance,2014
BIXBY,Indie,2014
Brandwerk,Hip Hop,2014
Call It Off,Punk,2014
capcap... cap,Postrock,2014
Cas Ronckers,Folk,2014
CHARRLES,Electro,2014
Chayah,Singer/songwriter,2014
Close Up,Pop,2014
COPPERSKY,Rock,2014
Cosmic U,Postrock,2014
CUDA,Punk,2014
CUT_,Electronica,2014
David Douglas,Electronica,2014
De Eerste De Beste,Indie,2014
DE KLIKO'S,Garage,2014
De Nuance,Hip Hop,2014
De Producent,Electronica,2014
De Skaggerz,Ska,2014
Deadbeat,Metal,2014
Dichter,Hip Hop,2014
DIFF,Americana,2014
Ego.Riser,Emo,2014
Einfach Kurt,Singer/songwriter,2014
Ethereal,Metal,2014
Eveline Vroonland,Singer/songwriter,2014
FAKE O'S,Punk,2014
FAUT HAUT,Avantgarde,2014
Feather & the White,Garage,2014
Fenn,Indie,2014
Floris Bates and the Rented Friends,Pop,2014
Fokko,Singer/songwriter,2014
For I Am King,Metal,2014
Friends of the Family,Folk,2014
G∆rtm∆len,Electronica,2014
Geert & The Chiefs,Pop,2014
GoMute,Pop,2014
Head First,Drum & Bass,2014
Heroism,Stonerrock,2014
Hummingville,Pop,2014
I Took Your Name,Singer/songwriter,2014
indian askin,Rock,2014
Iris Penning,Singer/songwriter,2014
IX,Indie,2014
Jack and the Weatherman,Pop,2014
James Wood,Indie,2014
Just Regular Guys,Electronica,2014
LEFT,Rock,2014
Les Djinns,Psychedelic,2014
"Lion, Meet Lizard",Ambient,2014
Maask,Dance,2014
Mathijs Leeuwis,Roots,2014
Me & Mr. Jansen,Pop,2014
Meitje,Indie,2014
Menhir,Stonerrock,2014
Mongoose & The Boombox,Hip Hop,2014
Naive Set,Indie,2014
NeNe,R&B,2014
Next of Kin,Soul,2014
Nice Neighbours,Roots,2014
Nosoyo,Alternative,2014
Ode to the Quiet,Pop,2014
on eva,Nederlandstalig,2014
Opie,Pop,2014
Orange Skyline,Indie,2014
PAUW,Psychedelic,2014
Piñata,Reggae,2014
Project Bongo,Pop,2014
Radio Days,Pop,2014
Raw Flowers,Rock,2014
REINDIER,Electronica,2014
REVELLER,Pop,2014
Robbing Banks,Garage,2014
Rondé,Indie,2014
Sascha & the Sharp Five,ska/reggae/global sounds,2014
Single Pilot,Electronica,2014
Sofia Dragt,Singer/songwriter,2014
Soskop + band,Hip Hop,2014
Steye & The Bizonkid,Groove,2014
Stopcontact,Alternative,2014
Straight from the Fridge,Pop,2014
Stuart Mavis,Pop,2014
Sunday Kids,Rock,2014
Sunday Zombies & the Brain,Rock,2014
Sväva,Indie,2014
Tenfold,Folk,2014
The 101's,Punk,2014
The Afterveins,Psychedelic,2014
The Black Cult,Garage,2014
The BLACK MARBLE SELECTION,Garage,2014
The Cannonball Johnsons,Bluegrass,2014
The Doots,Rock,2014
The Great Communicators,Indie,2014
The Indien,Indie,2014
The Road Home,Rock,2014
The Sensational Second Cousins,Rock 'n Roll,2014
The Shady Greys,Rock,2014
The Silverfaces,Rock,2014
The Sweet Release of Death,Noise,2014
The Virgin Army,Alternative,2014
Three High Fives,Pop,2014
TIJGER SALTO,garage/punk/r&r,2014
Trenchcoat,Rock 'n Roll,2014
TRIO ESCOBAR,Alternative,2014
Try Acrobatics,Pop,2014
TurboMonster,Funk,2014
Van Rossum Electrowerken,Electronica,2014
velvvet,Indie,2014
Wooden Soldiers,Folk,2014
XOXO,Electro,2014
Yellow Grass,Americana,2014
Yuko Yuko,Indie,2014
't Vlaggenschip,Hip Hop,2015
1st of June,Pop,2015
A Polaroid View,Indie,2015
Aaumffie,Hip Hop,2015
Alexi Lalas,Indie,2015
Alkaloid,Electronica,2015
All the king's daughters,Singer/songwriter,2015
ALUMNA,Alternative,2015
An Evening With Knives,Metal,2015
Angelo Boltini,Indie,2015
BIXBY,Indie,2015
BLUE CRIME,Alternative,2015
Blupaint,Indie,2015
Boner Petit,Garage,2015
Boogie Chillers,Garage,2015
BRAHM,Rock,2015
Breaking Levees,Rock,2015
BUNGALOW,Electronica,2015
Charl Delemarre,Singer/songwriter,2015
Convoi Exceptional,Rock 'n Roll,2015
Counter Jib,Rock,2015
Craig Elliott,Alternative,2015
Crying Boys Cafe,Indie,2015
Daniel Cane & The Rebellion,Singer/songwriter,2015
DARLYN,Folk,2015
De Alliantie,Hip Hop,2015
De Duiven,Pop,2015
Demi Knight,Country,2015
DIEDE,Pop,2015
Donnerwetter,Alternative,2015
Dramali,Afrikaans,2015
Drunken Dolly,Punk,2015
Early Adopters,Alternative,2015
Echo Movis,Indie,2015
Eleonor Coco,Indie,2015
Fake Billy & The False Prophets,Rock 'n Roll,2015
Friars,Indie,2015
From Earth,Metal,2015
Funky Organizers,Funk,2015
General Midnight,Rock,2015
Geysers,Electronica,2015
Gia Koka,Electronica,2015
Gitta de Ridder,Singer/songwriter,2015
go go kill,Rock,2015
Goodnight Moonlight,Indie,2015
HAEVN,Indie,2015
Half Way Station,Pop,2015
Icky Pack,Garage,2015
Iguana Death Cult,Garage,2015
inlakech,Alternative,2015
Jasper Mook,Singer/songwriter,2015
Jerusa,Pop,2015
Jesse Woodson,Folk,2015
JULIUS,Pop,2015
Keljet,Electronica,2015
Kid Harlequin,Rock,2015
KIN,Postrock,2015
KIRA,Singer/songwriter,2015
Kissing Jane,Pop,2015
la Garçon*,Pop,2015
Lady Dandelion,Trip hop,2015
LAKSHMI,Pop,2015
LGHTNNG,Electronica,2015
Life's Electric,Rock,2015
Logue,Pop,2015
Longen,Electronica,2015
Lookapony,Garage,2015
Lynn Olsen,Pop,2015
Mary Fields,Hard rock,2015
Max Meser,Rock,2015
McGyver,Hip Hop,2015
Meet The Storm,Punk,2015
Midas,Folk,2015
Moon Tapes,Indie,2015
Mountaineer,Indie,2015
MY BLUE VAN,Alternative,2015
Nancy Acid,Garage,2015
Neutral Ground Brass Band,Funk,2015
Niek Pronk,Folk,2015
Nisse Bodil,Garage,2015
OHWLE.,Electronica,2015
OOAK,Pop,2015
Oraclez,Electronica,2015
Orange Fox,Rock,2015
Oud Schuim,Nederlandstalig,2015
our Minor fall,Folk,2015
Pocket Knife Army,Electronica,2015
PollyAnna,Pop,2015
Postcards From Mars,Folk,2015
Rectum Raiders,Hard rock,2015
RHINORINO,Rock,2015
RIIOT feat. Paulina Dubaj,Electro,2015
Rita Zipora,Electronica,2015
Rivers,Country,2015
Rogier Pelgrim,Folk,2015
Roots Creation,Reggae,2015
Sade Adu,Soul,2015
Sandyland,Pop,2015
Santa Fé,Pop,2015
Schizoid Lloyd,Metal,2015
Secret Rendezvous,R&B,2015
Sir James,Pop,2015
St. Tropez,Rock,2015
Stef Classens,Singer/songwriter,2015
Stillwave,Alternative,2015
Stöma,Alternative,2015
Swinder,Pop,2015
Tales That Are Not Supposed To Be Heard By People,Rock,2015
Tamarin Desert,Psychedelic,2015
The Boombox,Hip Hop,2015
The Brahms,Indie,2015
The Cavern,Alternative,2015
The Check 1-2,Garage,2015
The Dirty Denims,Rock,2015
The Dubbeez,Reggae,2015
The Four,Garage,2015
The Hidden Agenda,Hip Hop,2015
The Homesick,Indie,2015
The Ish,Hip Hop,2015
The Lumes,Noise,2015
The Mighty Breaks,Garage,2015
The Press and the President,Pop,2015
THT,Dance,2015
Tom Tukker,Electronica,2015
TV Wonder,Avantgarde,2015
Valentina Elèni,Singer/songwriter,2015
Vince Irie & Offshore,Reggae,2015
Waiver,Noise,2015
Wolves Dressed in Sheep,Indie,2015
Yakumo,Techno,2015
45ACIDBABIES,Electro,2016
A Brighter Light,Pop,2016
A Fugitive,Indie,2016
AAPNOOTMIES,Pop,2016
Abdomen,Garage,2016
AKA Block,Electronica,2016
Albatre,Noise,2016
Ann White,Pop,2016
AVI ON FIRE,Pop,2016
Backgammon,Rock,2016
BAPTIST,Electronica,2016
BARTEK,Garage,2016
Batobe,Electronica,2016
Belle of Louisville,Roots,2016
bFake,Alternative,2016
BIG HARE,Electro,2016
Blupaint,Indie,2016
Bounty Island,Indie,2016
Cookachoo,Electronica,2016
Crazy Cult Roadshow,Rock,2016
Creepy Karpis,Garage,2016
CYNBEL,Indie,2016
D-Luzion,Hip Hop,2016
David Benjamin,Singer/songwriter,2016
De Dood,Punk,2016
DÉMIRA,Pop,2016
Disci X Lerrie,Hip Hop,2016
Droppings,Noise,2016
Dusty,Grime,2016
EGO DREAMS,Garage,2016
Electric Company,Indie,2016
Far I,Hip Hop,2016
For Blood And Vengeance,Punk,2016
Glice,Avantgarde,2016
GOLD,Avantgarde,2016
Grenadeers,Rock,2016
Haas,Hip Hop,2016
Hans Hannemann,Americana,2016
Het Universumpje,Stonerrock,2016
HØUND,Rock,2016
Illusionless,Metal,2016
Insayno,Hip Hop,2016
Jasper Schalks,Americana,2016
Jeangu Macrooy,Singer/songwriter,2016
Jo Goes Hunting,Alternative,2016
Jo Marches,Indie,2016
Judy Blank,Singer/songwriter,2016
Karawane,Alternative,2016
Karel J. Schepers,Pop,2016
KIEFF,Garage,2016
KRUIDKOEK,Garage,2016
Kynarian,Electronica,2016
La Corneille,Indie,2016
Liquid Sun Orchestra,Afrikaans,2016
Magnetic Spacemen,Garage,2016
Marle Thomson,Pop,2016
Marten Fisher,Indie,2016
Martha Jane & The Talisman,Alternative,2016
Matt Winson,Folk,2016
Merlijn Nash,Singer/songwriter,2016
Mevrouw Tamara,Singer/songwriter,2016
Mihael Hrustelj Trio,Jazz,2016
Mitch Rivers,Roots,2016
Money & The Man,Garage,2016
MOOON,Garage,2016
Mountain States,Indie,2016
Nachtschade,Rock,2016
Nairobi Golf Kid,Indie,2016
Nana Adjoa,Alternative,2016
NankoSoul,Soul,2016
NGHTSHFT,Electronica,2016
NNENN,Electronica,2016
OBESE,Stonerrock,2016
Oh Thunder,Indie,2016
Orange Maplewood,Rock,2016
PALMSY,Pop,2016
PEER,Indie,2016
Pitou,Folk,2016
Potman Jr.,Singer/songwriter,2016
PYN,Pop,2016
Radio Eliza,Pop,2016
Rilan & the Bombardiers,Pop,2016
Robin Borneman,Roots,2016
Roelie Vuitton,Pop,2016
Roots Rising,Reggae,2016
Rosemary & Garlic,Indie,2016
Ruud Fieten,Folk,2016
Sascha Elisah,Country,2016
Silent War,Rock,2016
SINGLE PILOT,Pop,2016
Sofie Winterson,Indie,2016
Southbound,Pop,2016
Squirrel,Singer/songwriter,2016
St. Solaire,Pop,2016
Stahlr,Electronica,2016
Standup '69,Rock,2016
Statesmen,Pop,2016
Stillmode,Pop,2016
Stoka Ensemble,Afrikaans,2016
Stoomboot,Kleinkunst,2016
Storksky,Rock,2016
Stuart Mavis,Pop,2016
The Apologist,Rock,2016
The Badger and the Bass,Rockabilly,2016
The Day,Indie,2016
The Fire Harvest,Indie,2016
The Flipside Paradox VOL. I,Avantgarde,2016
The Future's Dust,Postrock,2016
The Grand East,Rock,2016
The High Weeds,Garage,2016
The MOTTO,Electronica,2016
The Overslept,Pop,2016
The Rising Sun,Reggae,2016
The Royal Engineers,Pop,2016
The Stangs,Psychedelic,2016
The Wanderer,Singer/songwriter,2016
The Yukon Club,Indie,2016
Thijs Boontjes Dans- en Showorkest,Rock,2016
Tim Dawn,Pop,2016
Tolls,Indie,2016
Torii,Indie,2016
Tosk,Indie,2016
TSAR BOMPA,Noise,2016
UNDAWN,Metal,2016
Venus Tropicaux,Punk,2016
VICTIM VICTIM,Electronica,2016
View for a Day,Rock,2016
Vikings in Tibet,Indie,2016
Vreemde Vogels,Reggae,2016
WELLS,Pop,2016
Willem Wits,Pop,2016
Woof! Woof! Ridicule,Electro,2016
X-enia,Alternative,2016
Yokocola,Punk,2016
Aïcha Cherif,Alternative,2017
ALASKA POLLOCK,Pop,2017
Alcuna Wilds,Ambient,2017
Amber Gomaa,Pop,2017
Amerildo de Krijger,Hip Hop,2017
Assorted Travellers,Americana,2017
Baby Galaxy,Indie,2017
Bagdaddy,Electronica,2017
Banner.,Folk,2017
Baskar,Instrumentaal,2017
Batobe,Electronica,2017
BEAUX,Pop,2017
Benjamin Fro,Hip Hop,2017
Bjarke Ramsing,Singer/songwriter,2017
Black Acid,Hip Hop,2017
Blue Marble,Psychedelic,2017
Bring on the Bloodshed,Metal,2017
BUNGALOW,Indie,2017
CAMP HIGH GAIN,Punk,2017
Certain Animals,Rock,2017
Charlie & the lesbians,Garage,2017
CIEL,Shoegaze,2017
Colin Waters,Pop,2017
Cookhouse,Pop,2017
Cosmo V,Pop,2017
Dakota,Pop,2017
Dandelion,Folk,2017
das bisschen Totschlag,Psychedelic,2017
Dawn Brothers,Rock,2017
DE KAT,Psychedelic,2017
DOCK 83,Core,2017
DOOXS,Electronica,2017
Ed Bahonie,Electronica,2017
Eelke Ankersmit,Indie,2017
Electropoëzie,Electronica,2017
EUT,Pop,2017
Fata Boom,Hip Hop,2017
Feiertag,Electronica,2017
Figgie,Indie,2017
Find Us In Slumberland,Singer/songwriter,2017
Five Years Later,Rock,2017
Flecha Moon & The Confused,Pop,2017
FOES,Alternative,2017
Forever Saturday,Rock,2017
Francis Moon,Indie,2017
Frank Valenza,Indie,2017
Fusus,Instrumentaal,2017
FUZ,Garage,2017
GINTON,Hip Hop,2017
GRIM TIM,Alternative,2017
GUS,Pop,2017
Harry Femer,Hip Hop,2017
HEBE,Electro,2017
Hibakusha,Metal,2017
Hunter Complex,Electronica,2017
INGE VAN CALKAR,Alternative,2017
Jagd,Indie,2017
Jan Terlouw Junior & The Nightclub,Pop,2017
Jellephant & the Phantoms,Garage,2017
Jermain Bridgewater,Hip Hop,2017
Jolene,Pop,2017
Joost Dijkema,Folk,2017
Jowners,Hip Hop,2017
KASPER,Pop,2017
KAUW,Electronica,2017
KIEFF,Garage,2017
Kiki Mettler,Singer/songwriter,2017
KIMONOMANDEM,R&B,2017
Kinoo,Indie,2017
KITCHENETTE,Indie,2017
Kitty Kitty Tuna,Rock,2017
Korfbal,Indie,2017
L'ENFANT,Electronica,2017
Laura Palmer,Shoegaze,2017
Levi Manner,Singer/songwriter,2017
LGHTNNG,Electronica,2017
Life's Electric,Rock,2017
Lil MG,Hip Hop,2017
Lisa Nora,Singer/songwriter,2017
Logue,Indie,2017
Los Paja Brava,Dance,2017
Lukas Batteau,Singer/songwriter,2017
Makkie,Hip Hop,2017
Mantra,Rock,2017
MARCH,Rock,2017
Massi,Hip Hop,2017
Maurice van Hoek,Americana,2017
Mexican Surf,Garage,2017
Moon Moon Moon,Indie,2017
Nausica,Indie,2017
Niko,Indie,2017
NIMBUS 3000,Avantgarde,2017
OBESE,Stonerrock,2017
Okke Punt,Singer/songwriter,2017
Oliver Alexander,Pop,2017
Panenkov,Electronica,2017
PaPa GoNi,Afrikaans,2017
PEER,Rock,2017
Pip Blom,Indie,2017
PIZZA KNIFE,Punk,2017
PROS\PECT,Metal,2017
Quibus,Electronica,2017
Sean Gascoigne,Singer/songwriter,2017
SEMIMO,Psychedelic,2017
Severin Bells,Indie,2017
SoulTrash,Hip Hop,2017
Spill Gold,Psychedelic,2017
Stopcontact,Electro,2017
Super Ego,Trash,2017
Sured,Singer/songwriter,2017
The Avonden,Nederlandstalig,2017
The Cinema Escape,Electro,2017
The Curious Incident,Indie,2017
The Gwoof,Alternative,2017
The Hazzah,Garage,2017
The Howlin,Soul,2017
The Hubschrauber,Indie,2017
The Irrational Library,Alternative,2017
The Little Years,Indie,2017
The Muff,Rock,2017
The Silverfaces,Rock,2017
The Ultraverse,Electronica,2017
The Visual,Alternative,2017
The World of Dust,Singer/songwriter,2017
Tom Tukker,Pop,2017
Tony Clifton,Garage,2017
TRAUDES,Pop,2017
Treehook,Alternative,2017
Tusky,Rock,2017
VELINE,Electro,2017
Vic Willems,Singer/songwriter,2017
Voltage,Rock,2017
Wakki,Fusion,2017
Waltzburg,Indie,2017
Willie Darktrousers & de Splinters,Alternative,2017
Writist,Pop,2017
Yasmine,Garage,2017
A Mili,Pop,2018
Aarde aan Daan,Indie,2018
Abdomen,Punk,2018
Aestrid,Alternative,2018
AIYA,Pop,2018
Alexandra Alden,Folk,2018
Anemone,Rock,2018
ANNA-ROSE,Pop,2018
AVA NOVA,Pop,2018
BANGANAGANGBANGERS,Drum & Bass,2018
BAPTIST,Electronica,2018
Bawrence of Aralia,Indie,2018
Bieldermann,Electronica,2018
Black Operator,Blues,2018
BOSKAT,Rock,2018
Bottles Of Love,Pop,2018
Bourbon Avenue,Soul,2018
Boy on the Moon,Alternative,2018
Camo Columbo,Pop,2018
Carina Nebula,Alternative,2018
Coolboxer,Pop,2018
Cordon Rouge,Electro,2018
Dan Hair & the Extensions,Indie,2018
Dax,Singer/songwriter,2018
Dési Ducrot,Pop,2018
DFG,Hip Hop,2018
Dion Roman,Alternative,2018
Donkey Kung Fu,Rock,2018
Donna Blue,Indie,2018
Dusty Stray,Folk,2018
Elijah Waters,Hip Hop,2018
Eline Mann,Soul,2018
Elle Hollis,Pop,2018
Elsa Lester,Indie,2018
Esther de Jong,Nederlandstalig,2018
Esther Veen,Electronica,2018
Eva van Pelt,Nederlandstalig,2018
Faradays,Indie,2018
Filthy Felons,Hard rock,2018
FLOWERS,Stonerrock,2018
Fokko,Rock,2018
Frank,Postrock,2018
G.O.D,Hard rock,2018
Gianski,Hip Hop,2018
Gil & Megas,Hip Hop,2018
Gizåh,Metal,2018
Gyo Kretz,Pop,2018
HELM OP,Metal,2018
HoppaH!,Nederlandstalig,2018
I'm With Stupid,Reggae,2018
Jana Mila,Singer/songwriter,2018
Janna Lagerström,Nederlandstalig,2018
Jaskelis,Afrikaans,2018
Jasper Mook,Pop,2018
Jay-Way,Hip Hop,2018
Jibber Jabber & the Jams,Garage,2018
Joël Domingos,R&B,2018
John-Lewis Cabot,Folk,2018
JSSY,Indie,2018
Juneville,Pop,2018
Karel,Pop,2018
Katie Koss,Pop,2018
Kid Harlequin,Rock,2018
Kita Menari,Indie,2018
Kitchenette,Indie,2018
Launchable Socks,Ambient,2018
Laura Sjin,Singer/songwriter,2018
Leonard Luka,R&B,2018
Lilø,Dance,2018
LOGOSAMPHIA,Polka,2018
LOGOUT,Indie,2018
LONE WOLF,Punk,2018
Lotte Walda,Singer/songwriter,2018
LOVE COUPLE,Pop,2018
Luna Mae,R&B,2018
Maggie Brown,Indie,2018
Malvae,Electronica,2018
Marone,Hip Hop,2018
Martijn Comes,Avantgarde,2018
Meis,Singer/songwriter,2018
MILLENNIALS,Alternative,2018
Moon Moon Moon,Indie,2018
MORADO,Psychedelic,2018
Mr. Weazley,Hip Hop,2018
Nieuwegrond,Pop,2018
NIMBUS 3000,Electronica,2018
No Man's Valley,Alternative,2018
Nona,Pop,2018
"O, Kutjes",Electro,2018
Ocho & Ibs,Hip Hop,2018
Orphax,Avantgarde,2018
Playground Zer0,Dance,2018
RAiK,Hip Hop,2018
Rey tranquilo,Hip Hop,2018
Roel Pothoven,Singer/songwriter,2018
Rowine,Techno,2018
Sam & Julia,Americana,2018
Samora,Reggae,2018
Santa Fé,Pop,2018
Sen Dubaj,Indie,2018
Shagga Ranx,Hip Hop,2018
Sheewawah,Roots,2018
Sheila and the Kit,Electro,2018
Sherman Oaks,Pop,2018
Silent Runners,New Wave,2018
Smudged Toads,Avantgarde,2018
SNARESKIN,Electronica,2018
Snow Coats,Indie,2018
Sophia,R&B,2018
St. Maane,Folk,2018
Starrlight,Hip Hop,2018
START/OVER,Metal,2018
Steve French,Alternative,2018
Subterranean Street Society,Alternative,2018
Subvert,Metal,2018
Supersonic Blues,Psychedelic,2018
Surf Aid-Kit,Surf,2018
Switch Bones,Alternative,2018
TAPE TOY,Rock,2018
Tastic,Hip Hop,2018
Teddy's Hit,Indie,2018
Ten Times A Million,Rock,2018
Thaïti,Alternative,2018
The Spvrk,Punk,2018
The Tambles,Rock 'n Roll,2018
THE TEN BELLS,Garage,2018
Torrential,Metal,2018
Van Common,Indie,2018
VENHILL,Punk,2018
Wakeem,Hip Hop,2018
Walden,Indie,2018
WARD,Pop,2018
Wildebeast,Rock,2018
Yip Roc,Garage,2018
YVI,Singer/songwriter,2018
Ziggy Splynt,Alternative,2018
A.M. Sam,Pop,2019
AC Berkheimer,Noise,2019
Aidan & the Wild,Singer/songwriter,2019
ALEXANDER,Pop,2019
Alison Marble,Alternative,2019
Alison's Fall,Alternative,2019
Andy Smart / Teddy's Last Ride,Pop,2019
Another Now,Metal,2019
Áslaug,Pop,2019
Baer Traa,Roots,2019
Barry De Wit,Nederlandstalig,2019
Bastian Benjamin,Electronica,2019
Beach Coma,Rock 'n Roll,2019
Bec Plexus & No Compliments,Alternative,2019
Beerbottle Chopsticks,Garage,2019
Bekir,Nederlandstalig,2019
Ben Forte,Singer/songwriter,2019
Beryl Anne,Pop,2019
BLACK MONSOON,Alternative,2019
BONGLOARD,Garage,2019
Bony Macaroni,Emo,2019
BOOM BOOM DU TERRE,Electro,2019
BOYAKIRA,Punk,2019
Boyle,Indie,2019
BUG,Alternative,2019
Cymbaline,Alternative,2019
Damndamy,Hip Hop,2019
Dan August,Pop,2019
De Methode,Electronica,2019
Deathtrap,Metal,2019
Despicable Heroes,Metal,2019
Destructive Penguins,Hip Hop,2019
Disk Space,Techno,2019
Djesco10,Hip Hop,2019
Dr Justice & The Smooth Operators,Pop,2019
Druiprek,House,2019
Electric Company,Indie,2019
Eva van Manen,Pop,2019
FFlean,Hip Hop,2019
Fjaler,Electronica,2019
Foxlane,Indie,2019
Get Jealous,Punk,2019
GIAN,Hip Hop,2019
Grenadeers,Alternative,2019
Gumbo Kings,Roots,2019
Haris,Pop,2019
Hilbrandt,Pop,2019
Hypergoods,Pop,2019
HYTES,Electronica,2019
Jade PraiZe,Pop,2019
Joan Franka,Indie,2019
Johnny loves me,New Wave,2019
Josh Island,Singer/songwriter,2019
Joysticker,Electronica,2019
KAT SKILLS,Pop,2019
Kay Slice,Hip Hop,2019
la loye,Indie,2019
LAURA,Singer/songwriter,2019
Leonard Luka,R&B,2019
Lion's Den,Indie,2019
LO-FI LE-VI,Pop,2019
Lola's Dice,Global Sounds,2019
Lorrèn,Pop,2019
Lotte Pen,Instrumentaal,2019
Loui Lind,Indie,2019
LVZY,Hip Hop,2019
Maddy Moreah,Soul,2019
Magic Moon,Psychedelic,2019
Magnetic Spacemen,Garage,2019
MAXINE,Pop,2019
Mc Lost,Hip Hop,2019
Meadowlake,Shoegaze,2019
Merel Sophie,Americana,2019
Meryn,Soul,2019
Mikawe Oziki,Electronica,2019
Molino,Alternative,2019
MONTBLANK,Electronica,2019
MUDDY GREASE,Groove,2019
Nancy Acid,Surf,2019
Nancy Kleurenblind en De Zingende Roadie,Nederlandstalig,2019
Nele Needs A Holiday,Singer/songwriter,2019
NEMSIS,Alternative,2019
NMBRS,Indie,2019
NO WOW,Indie,2019
Oliver Oat,Singer/songwriter,2019
ONEGODLESS,Metal,2019
Out Of Skin,Indie,2019
Paracetamøl,Garage,2019
Paterzonen,Alternative,2019
Port of Call,Indie,2019
Price,Garage,2019
PsySo,Indie,2019
PYRO,Rock,2019
Queen's Pleasure,Rock,2019
QUINN,Pop,2019
RADERKRAFT,New Wave,2019
Real Derek,Indie,2019
Robin Kester,Folk,2019
Ruben Schaap,Pop,2019
RZLZ,Indie,2019
San Francisco,Indie,2019
Sarah & Julia,Pop,2019
Scott & Young,Singer/songwriter,2019
Seewolf,Indie,2019
SEYI,Pop,2019
Shaemless,Garage,2019
Simon Keats,Americana,2019
Small Town Bandits,Pop,2019
SONNDR,Psychedelic,2019
SpeakEasy,Rock 'n Roll,2019
Sterre Nacca x CRZE,R&B,2019
Sterre Weldring,Singer/songwriter,2019
Susan H,Pop,2019
Suzy V,Singer/songwriter,2019
SWEETGODANIMALS,New Wave,2019
TESSEL,Indie,2019
The Ballet Bombs,Garage,2019
The Beatnik,Soul,2019
The Koalaz,Indie,2019
The Mighty Breaks,Garage,2019
The Naked Sweat Drips,Psychedelic,2019
The Resurrection,Electro,2019
The Secret Love Parade,Indie,2019
The Small Breed,Psychedelic,2019
The Vices,Indie,2019
Three Little Clouds,Funk,2019
Tim Koehoorn,Nederlandstalig,2019
Tricklebolt,Rock,2019
Two and a Half Girl,Hard rock,2019
VALENTINO.,Alternative,2019
Voidcrawler,Metal,2019
Watwatis,Hip Hop,2019
Wholly Michael,Folk,2019
WHYBE,Singer/songwriter,2019
WIES,Pop,2019
Wolf & Moon,Folk,2019
Wowi,Pop,2019
YSA,Pop,2019
Zahrada,Punk,2019
ZALM,Punk,2019
Zeno,Hip Hop,2019
2 YEARS,Metal,2020
A Minor Problem,Punk,2020
Absent Chronicles,Electronica,2020
ADORAH,R&B,2020
Alison Jutta,Pop,2020
Alkaloid,Electronica,2020
AMY MIYÚ,Hip Hop,2020
Andy & the Antichrist,Punk,2020
ANNNA,Pop,2020
Ariana Popal,R&B,2020
Arno Loriaux,Country,2020
atoomclub,Drone,2020
AUFGLAUFT,Instrumentaal,2020
Baardvader,Rock,2020
Bad Penny,Garage,2020
Banana Savannah,Funk,2020
BANDA MATATU,Afrikaans,2020
Benedict,Indie,2020
BONNA NIKKI,Indie,2020
Burght,Indie,2020
Charades,Rock,2020
Chauffeur,Alternative,2020
Cirrus Minor,Stonerrock,2020
Combo Qazam,Indie,2020
DADA,Hip Hop,2020
De Nachtwakers,Ska,2020
Dino Kids,Surf,2020
Douwe Doorduin,Pop,2020
Eelco,Pop,2020
Een Kasper,Singer/songwriter,2020
Ella East,Pop,2020
Ellij,Alternative,2020
Espoir,Ambient,2020
Eva Serena,Pop,2020
Evva,Trip hop,2020
FEITENFABRIEK,Nederlandstalig,2020
Fitgirl,Electronica,2020
FOSS,Indie,2020
Froukje,Pop,2020
G.T. Thomas,Pop,2020
Gavran,Metal,2020
Gayle Skidmore,Singer/songwriter,2020
Geoff Wyld,Indie,2020
George Kush Collective,Hip Hop,2020
GIRLSGIRLSGIRLS,Emo,2020
GUYY,Pop,2020
HALCYON,Pop,2020
Hens Solo,Pop,2020
Het Universumpje,Rock,2020
Hey Team,Indie,2020
Honingbeer,Ambient,2020
INDIANAH,Pop,2020
Inge Lamboo,Pop,2020
Irrelephant,Folk,2020
JASONWATERFALLS,Rock,2020
Jessy Yasmeen,Indie,2020
Joost Dijkema,Americana,2020
Josephine Odhil,Indie,2020
Juan Juan,Alternative,2020
Kayleigh Beard,Electro,2020
KEES,Singer/songwriter,2020
KELSEY,Metal,2020
Klaplong,Garage,2020
Klaplong,Garage,2020
KOWNU,Alternative,2020
kretzschクレツ,Trip hop,2020
KUZKO,Pop,2020
KWINI,Funk,2020
KY.,Singer/songwriter,2020
Las Medicinas,Zuid-Amerikaans,2020
Lauringer,Pop,2020
LE MOTAT,Indie,2020
LIONSTORM,Hip Hop,2020
LowaddictsSoundsystem,Electronica,2020
Luna Morgenstern,Electronica,2020
M. Lucky,Pop,2020
MADOUX,Indie,2020
Magic Tom & Yuri,Kleinkunst,2020
MARTH,Electro,2020
MAYLEAF,Alternative,2020
MEIRA,Alternative,2020
Melle,Folk,2020
Melle Jutte,Electronica,2020
Micah & Julia,Pop,2020
Microwolf,Singer/songwriter,2020
Milan Mes,Jazz,2020
MILO,Alternative,2020
MINKA,Pop,2020
Minor Citizen,Rock,2020
Mo Bedick,Psychedelic,2020
More Ease,Hip Hop,2020
Mountain Eye,Metal,2020
Mt. Atlas,Stonerrock,2020
Mystic,Hip Hop,2020
NESS,Hip Hop,2020
nobuka,Ambient,2020
OJAM,Funk,2020
OKRA,Pop,2020
Philippine,Pop,2020
PIZZA KNIFE,Punk,2020
POM,Indie,2020
Port Patrol,Electronica,2020
Power to the Pipo,Funk,2020
Prestcold Molly,Rock,2020
Psychotic Lumberjacks,Alternative,2020
Renée Spijker,Folk,2020
Roodnoot,Folk,2020
Rude Radiation,Ska,2020
Sammie Sedano,Hip Hop,2020
Severin Bells,Garage,2020
Sexy Pigeon,Pop,2020
Show Pony,Indie,2020
SiNNiWAVi,Hip Hop,2020
Smitty,Hip Hop,2020
Socks;SportsSocks,Indie,2020
SØWT,Alternative,2020
Starfish,Pop,2020
Stella,Alternative,2020
Stupid Bloody Tuesday,Alternative,2020
SULTAN.,Rock,2020
Sured,Pop,2020
Susann.,Electronica,2020
The Bad Tones,Rock,2020
The Ballet Bombs,Garage,2020
The Desmonds,Garage,2020
THE HECK,Garage,2020
The PeTeRLeeS,Punk,2020
The Young River,Country,2020
Them Dirty Dimes,Roots,2020
THYRZA,Nederlandstalig,2020
to live among wolves,Punk,2020
Total Seclusion,Punk,2020
VAIN LOUIE,Metal,2020
VoidFare,Alternative,2020
VULVA,Stonerrock,2020
Willie Darktrousers,Pop,2020
Windup Space,Emo,2020
XIM,Electro,2020
XIO,R&B,2020
Zoë Low,Pop,2020
Zoe Reddy,Electronica,2020
Zoë-Jadha,Hip Hop,2020
ZULU GREEN,R&B,2020
Abel,Hip Hop,2021
ACOUSTIC ASSHOLE,Nederlandstalig,2021
Alison Jutta,Pop,2021
Andy & the Antichrist,Punk,2021
ANNNA,Pop,2021
atoomclub,Drone,2021
Bahghi,R&B,2021
Casey's Call,Indie,2021
Cashmyra,Punk,2021
Changing Tides,Metal,2021
CLOUDSURFERS,Garage,2021
DADA,Hip Hop,2021
Deveron,Punk,2021
Diogo Carriço,Electronica,2021
Douwe Doorduin,Pop,2021
Een Kasper,Singer/songwriter,2021
Ellij,Alternative,2021
FOSS,Indie,2021
Frontstreet,Alternative,2021
Géonne Hartman,Indie,2021
GINGE,R&B,2021
GIRLSGIRLSGIRLS,Rock,2021
Graeme James,Folk,2021
GUYY,Pop,2021
HALCYON,Alternative,2021
Hey Team,Indie,2021
Honingbeer,Ambient,2021
Indigo Pastel,Indie,2021
Inferum,Metal,2021
Jadi D,Hip Hop,2021
JASONWATERFALLS,Rock,2021
Jessy Yasmeen,Indie,2021
Joey's Midnight Club,Rock,2021
Josephine Odhil,Indie,2021
Josimar Gomes,Hip Hop,2021
Juan Juan,Alternative,2021
Kalaallit Nunaat,Noise,2021
KEES,Singer/songwriter,2021
kretzschクレツ,Trip hop,2021
KUZKO,Pop,2021
Kwame Drews,Pop,2021
KY.,Singer/songwriter,2021
LE MOTAT,Indie,2021
Leah Rye,Alternative,2021
Liza Weald,Folk,2021
Loupe,Indie,2021
LUCAS,Nederlandstalig,2021
Lucky Blue,Rock,2021
Luna Morgenstern,Pop,2021
M. Lucky,Alternative,2021
Max Poolman,Americana,2021
MAYLEAF,Rock,2021
MEAU,Pop,2021
Melle,Indie,2021
Melle Jutte,Soul,2021
Micah & Julia,Pop,2021
MINKA,Pop,2021
Minor Citizen,Rock,2021
More Ease,Hip Hop,2021
Mt. Atlas,Rock,2021
NABER,Electronica,2021
Nana M. Rose,Pop,2021
Neil Hollyn,Pop,2021
Nicolaas,Pop,2021
Noa Lauryn,R&B,2021
NONCHELANGE,Indie,2021
ParHasard,R&B,2021
Philine,Pop,2021
POM,Indie,2021
Power to the Pipo,Funk,2021
Prestcold Molly,Rock,2021
puntjudith,Nederlandstalig,2021
Rites,Punk,2021
Roos Meijer,Folk,2021
Sammie Sedano,Hip Hop,2021
Show Pony,Indie,2021
SIGNE DØ,Pop,2021
Socks;SportsSocks,Indie,2021
SOME,R&B,2021
Son de Aqui,Mistizo,2021
SØWT,Rock,2021
Stella,Alternative,2021
SULTAN.,Rock,2021
The Ballet Bombs,Garage,2021
The Desmonds,Garage,2021
THE GREAT HURRICANE ESCAPE,Metal,2021
Them Dirty Dimes,Roots,2021
Throwing Bricks,Metal,2021
THYRZA,Nederlandstalig,2021
Tiziana,Hip Hop,2021
Total Seclusion,Punk,2021
Tres Navy,Hip Hop,2021
VULVA,Stonerrock,2021
Wowi,Hip Hop,2021
yoanne,Pop,2021
YoungRubbi,Punk,2021
YVES,Hip Hop,2021
Zoë Low,Pop,2021
A Minor Problem,Punk,2022
A. Johanson,Singer/songwriter,2022
AISHA,Pop,2022
all dogs go to heaven,Singer/songwriter,2022
Amina,Pop,2022
Baardvader,Stonerrock,2022
Babs,Hip Hop,2022
BARTH.,Klassiek,2022
BED,Psychedelic,2022
Bella Luna,Soul,2022
Ben Forte,Pop,2022
BLANKO,Rock,2022
Blondeau,Pop,2022
Boaz,Country,2022
BONNA NIKKI,Alternative,2022
Boter bij de Vis,Nederlandstalig,2022
BrooksJourney,Hip Hop,2022
Bumble B. Boy,Garage,2022
Cavolo Nero,Groove,2022
CHARLOT,Alternative,2022
Cirrus Minor,Stonerrock,2022
COW Shift Z,Electronica,2022
CYNN,Alternative,2022
Daniel Nolet,Pop,2022
Dayo,Nederlandstalig,2022
De Baron,Balkan beats,2022
De Toegift,Nederlandstalig,2022
Dogman,Alternative,2022
DUIMALOT,Hip Hop,2022
Eaters of the Soil,Metal,2022
Emile Lagarde,Singer/songwriter,2022
Eva Serena,Pop,2022
Faske,Nederlandstalig,2022
FENNE,Pop,2022
FIEP,Indie,2022
flut.,Punk,2022
Fred Goverde,Nederlandstalig,2022
FUZZY TEETH,Indie,2022
GEEL,Hip Hop,2022
Gijs,Hip Hop,2022
GREAT JOY,Punk,2022
Headfirst,Alternative,2022
Hiigo,Pop,2022
Hugo Remmen,Hip Hop,2022
Huub Prins,Pop,2022
IKIGA,Alternative,2022
Irene Hin,Pop,2022
IVYVOX,Rock,2022
Jacht,Indie,2022
Jaro,Electronica,2022
Jerry Island,Pop,2022
jet van der steen,Pop,2022
Johnny loves me,Pop,2022
JOLENE,Pop,2022
Just Big Hills,Trip hop,2022
Kai Needie,Indie,2022
Katie Koss,Pop,2022
Kiwi Club,Techno,2022
Knife Massage,Rock,2022
Lady Shaynah,R&B,2022
Lewis,Alternative,2022
Lisa Ploeger,Folk,2022
Liza Dries,Pop,2022
Luc Pustjens,Techno,2022
Malu,Pop,2022
Marathon,Post-Punk,2022
Mood Bored,Indie,2022
Mountain Eye,Metal,2022
Muylike,Indie,2022
Mystic,Hip Hop,2022
néomí,Folk,2022
Oliver Pesch,Singer/songwriter,2022
Penvriend,Folk,2022
Philine,Pop,2022
Poodle,Garage,2022
Q'n,Hip Hop,2022
Radeloos///Ziedend,Metal,2022
Rass King,Reggae,2022
Rats and Daggers,Punk,2022
REFORMIST,Metal,2022
Rose Marin,Americana,2022
Sammie Sedano,Pop,2022
Shaemless,Post-Punk,2022
Shalisa,Nederlandstalig,2022
Smitty,Hip Hop,2022
Solomon,Alternative,2022
Sophie van Hasselt,Pop,2022
Sven Ross,Singer/songwriter,2022
SWELL,Core,2022
SYNGA,R&B,2022
T-Shawn,Soul,2022
Talee,Electronica,2022
Terence Goodmann,Pop,2022
Thierry Ganz,Indie,2022
tiigre,Indie,2022
Tygo Ulta,Indie,2022
Wasted Youth Club,Garage,2022
Willem 't Hart,Electronica,2022
ZULU GREEN,Hip Hop,2022
5etra,Pop,2023
Abel,Hip Hop,2023
Abel Natürlich,Singer/songwriter,2023
Afu Sensi,Hip Hop,2023
Akuma Jin,Hip Hop,2023
ALOYSE,Folk,2023
AMAGUK,Psychedelic,2023
ANNE,Pop,2023
Astronaut,Nederlandstalig,2023
benoit,Hip Hop,2023
Bowl,Post-Punk,2023
Boy Pilgrim,Folk,2023
Cloud Cukkoo,Indie,2023
Cocobolo,Instrumentaal,2023
Daimy Lotus,Pop,2023
Daniel Brooke,Emo,2023
Daniël Tomàs,Neo Klassiek,2023
Djoeke,Singer/songwriter,2023
Dorpsstraat 3,New Wave,2023
Droom Dit,Nederlandstalig,2023
Elliot Boyd,Pop,2023
ELSA,Jazz,2023
ENMA,Metal,2023
FAY,Pop,2023
FEMME FUGAZI,Garage,2023
FRÉ,Pop,2023
GOOF,Pop,2023
Gyo Kretz,Pop,2023
Hiqpy,Alternative,2023
Historian,Rock,2023
HOOFS,Punk,2023
ii,Electronica,2023
IKNOWNOA,R&B,2023
Inge Lamboo,Pop,2023
Ioana Iorgu,Post-Punk,2023
James Burki,Pop,2023
Janet Livv,Pop,2023
Jarlentji,R&B,2023
Jeroen Antoine,Soul,2023
JesperJesper,Indie,2023
Jespfur,Alternative,2023
KABOUTERTJE PUTLUCHT,Dance,2023
Keenan Mundane,Hip Hop,2023
Laura Sjin,Nederlandstalig,2023
Leah Rye,Singer/songwriter,2023
Leela Rosa,Pop,2023
Liam Pek,Alternative,2023
Lola Cedès,Pop,2023
LoMalo,House,2023
Loveth Besamoh,Alternative,2023
Maartje,Nederlandstalig,2023
Marta Arpini,Indie,2023
Martin Jasper,Pop,2023
Maryn Charlie,Pop,2023
Max Hell,Indie,2023
Maya Shanti,Singer/songwriter,2023
MICHA,Singer/songwriter,2023
Minor Citizen,Alternative,2023
Moonloops,Indie,2023
Neroth,Metal,2023
Never Been To Berlin,Pop,2023
Nevin,Indie,2023
NEWT,Indie,2023
NOHMI,Jazz,2023
OATS,Punk,2023
Oh Whale,Indie,2023
Olivia Degen,Singer/songwriter,2023
Pale Puma,Indie,2023
Panda Noir,Pop,2023
Penny Roox,Pop,2023
Primaat,Nederlandstalig,2023
Radio Trapani,Indie,2023
Rommy Gabay,Soul,2023
Ruwhel & De Bigi Blues Band,Hip Hop,2023
Sachee,R&B,2023
Seewolf,Indie,2023
SEM,Pop,2023
SHAMZON,Global Sounds,2023
Sheyma,Electronica,2023
Silke Veld,Nederlandstalig,2023
STiCKFiGS,Punk,2023
SUBFICTION,Electronica,2023
Subterranean Street Society,Alternative,2023
THAMES,Post-Punk,2023
The Mocks,Garage,2023
The Super Soakers,Rock,2023
There You Go,Indie,2023
Tomas Ferdinand,Singer/songwriter,2023
Torn From Oblivion,Metal,2023
Toto Boroto,Garage,2023
Toverberg,Singer/songwriter,2023
VAIN LOUIE,Metal,2023
Velocity Made Good,Techno,2023
Wolfskers,Hip Hop,2023
Wynnm,Folk,2023
XA4,Instrumentaal,2023
Yaro Mila,Pop,2023
Ysa Bermejo,Electronica,2023
